﻿<?xml version="1.0" encoding="utf-8"?>
<component format="1" id="convertigo" is-shell="true">
  <name>convertigo-mbaas-sdk</name>
  <publisher>Convertigo SA</publisher>
  <publisher-url>http://www.convertigo.com</publisher-url>
  <version>2.0</version>
  <summary>TEST</summary>
  <packages>
    <package id="Newtonsoft.Json" version="7.0.1" />
    <package id="Couchbase.Lite" version="1.1.2.0" />
    <package id="UnicodeNormalization" version="1.0.1" />
  </packages>
  <screenshots>
    <img src="screenshots/screenshot1.png" title="screenshot1" />
  </screenshots>
  <samples>
    <sample id="C8oSDKDotNet">
      <name>iOS Sample</name>
      <summary>iOS Sample</summary>
    </sample>
  </samples>
</component>